Model,Score
Accuracy,0.7837837837837838
Precision,0.8769230769230769
Recall,0.8769230769230769
F1-Score,0.8769230769230769
